{
  "old_new": "new",
  "id": "Spectronaut_20260226_080505",
  "software_name": "Spectronaut",
  "software_version": "20.4.260109.92449",
  "search_engine": "Spectronaut",
  "search_engine_version": "20.4.260109.92449",
  "ident_fdr_psm": "0.01",
  "ident_fdr_peptide": null,
  "ident_fdr_protein": "0.01",
  "enable_match_between_runs": false,
  "precursor_mass_tolerance": "Dynamic",
  "fragment_mass_tolerance": "Dynamic",
  "enzyme": "Trypsin/P",
  "allowed_miscleavages": "2",
  "min_peptide_length": "7",
  "max_peptide_length": "52",
  "is_temporary": false,
  "intermediate_hash": "4d93f6f4811c1771a34c99d1c0162968802a3e5b",
  "results": {
    "6": {
      "median_abs_epsilon_global": 0.20930493485187096,
      "median_abs_epsilon_eq_species": 0.22563736197154327,
      "median_abs_epsilon_ECOLI": 0.2540515993500341,
      "median_abs_epsilon_HUMAN": 0.2041748090773563,
      "median_abs_epsilon_YEAST": 0.21868567748723944,
      "mean_abs_epsilon_global": 0.349886204033133,
      "mean_abs_epsilon_eq_species": 0.3756439514620474,
      "mean_abs_epsilon_ECOLI": 0.4281509610282994,
      "mean_abs_epsilon_HUMAN": 0.34409297132189,
      "mean_abs_epsilon_YEAST": 0.35468792203595273,
      "median_log2_empirical_ECOLI": -1.9873658002187575,
      "median_log2_empirical_HUMAN": -0.06470728094908829,
      "median_log2_empirical_YEAST": 0.951587389797723,
      "median_abs_epsilon_precision_global": 0.20559500284809795,
      "median_abs_epsilon_precision_eq_species": 0.22343527221309425,
      "median_abs_epsilon_precision_ECOLI": 0.254158398424313,
      "median_abs_epsilon_precision_HUMAN": 0.20055782604608474,
      "median_abs_epsilon_precision_YEAST": 0.21558959216888507,
      "mean_log2_empirical_ECOLI": -1.9842682750042009,
      "mean_log2_empirical_HUMAN": -0.10120259084006439,
      "mean_log2_empirical_YEAST": 0.9630949393647783,
      "mean_abs_epsilon_precision_global": 0.34570552244663444,
      "mean_abs_epsilon_precision_eq_species": 0.3729760945064677,
      "mean_abs_epsilon_precision_ECOLI": 0.4279715293038468,
      "mean_abs_epsilon_precision_HUMAN": 0.33938848288775403,
      "mean_abs_epsilon_precision_YEAST": 0.351568271327802,
      "CV_median": 0.16630748950049068,
      "CV_q75": 0.3101574396183491,
      "CV_q90": 0.5070473829937556,
      "CV_q95": 0.6530934562372281,
      "roc_auc": 0.9009146233810209,
      "roc_auc_directional": 0.9574345854543782,
      "nr_prec": 100782,
      "nr_prec_HUMAN": 75435,
      "nr_prec_YEAST": 21055,
      "nr_prec_ECOLI": 4292,
      "variance_epsilon_global": 0.3013123760419784
    },
    "5": {
      "median_abs_epsilon_global": 0.22725660828990257,
      "median_abs_epsilon_eq_species": 0.2562389833126539,
      "median_abs_epsilon_ECOLI": 0.3062489252295766,
      "median_abs_epsilon_HUMAN": 0.21794408928017361,
      "median_abs_epsilon_YEAST": 0.24452393542821138,
      "mean_abs_epsilon_global": 0.3911159441896357,
      "mean_abs_epsilon_eq_species": 0.4311941411223504,
      "mean_abs_epsilon_ECOLI": 0.5126244806427102,
      "mean_abs_epsilon_HUMAN": 0.3797562490314226,
      "mean_abs_epsilon_YEAST": 0.40120169369291847,
      "median_log2_empirical_ECOLI": -1.9776535895362182,
      "median_log2_empirical_HUMAN": -0.06498495384587866,
      "median_log2_empirical_YEAST": 0.950281503861695,
      "median_abs_epsilon_precision_global": 0.2229974330478468,
      "median_abs_epsilon_precision_eq_species": 0.25366135669733375,
      "median_abs_epsilon_precision_ECOLI": 0.30719261434421785,
      "median_abs_epsilon_precision_HUMAN": 0.2139901785530851,
      "median_abs_epsilon_precision_YEAST": 0.23980127719469824,
      "mean_log2_empirical_ECOLI": -1.9583236885273054,
      "mean_log2_empirical_HUMAN": -0.09954340393997527,
      "mean_log2_empirical_YEAST": 0.9666594213113833,
      "mean_abs_epsilon_precision_global": 0.3870546544241013,
      "mean_abs_epsilon_precision_eq_species": 0.428673159809402,
      "mean_abs_epsilon_precision_ECOLI": 0.5125804290544682,
      "mean_abs_epsilon_precision_HUMAN": 0.3750477243610864,
      "mean_abs_epsilon_precision_YEAST": 0.39839132601265137,
      "CV_median": 0.17772285175353636,
      "CV_q75": 0.3362042255454547,
      "CV_q90": 0.5550466077058043,
      "CV_q95": 0.7102208235581446,
      "roc_auc": 0.8821329697158884,
      "roc_auc_directional": 0.943168603692587,
      "nr_prec": 111145,
      "nr_prec_HUMAN": 81424,
      "nr_prec_YEAST": 24110,
      "nr_prec_ECOLI": 5611,
      "variance_epsilon_global": 0.3865454115636849
    },
    "4": {
      "median_abs_epsilon_global": 0.23658442237228172,
      "median_abs_epsilon_eq_species": 0.27687679961577655,
      "median_abs_epsilon_ECOLI": 0.3493147216652783,
      "median_abs_epsilon_HUMAN": 0.22450333409565104,
      "median_abs_epsilon_YEAST": 0.2568123430864002,
      "mean_abs_epsilon_global": 0.4135754074568092,
      "mean_abs_epsilon_eq_species": 0.46747667183304437,
      "mean_abs_epsilon_ECOLI": 0.5792625325790112,
      "mean_abs_epsilon_HUMAN": 0.39704659487237143,
      "mean_abs_epsilon_YEAST": 0.4261208880477505,
      "median_log2_empirical_ECOLI": -1.9627567227366711,
      "median_log2_empirical_HUMAN": -0.06667727524077094,
      "median_log2_empirical_YEAST": 0.949175812456343,
      "median_abs_epsilon_precision_global": 0.23214796898849777,
      "median_abs_epsilon_precision_eq_species": 0.2739188581440919,
      "median_abs_epsilon_precision_ECOLI": 0.34961595532529977,
      "median_abs_epsilon_precision_HUMAN": 0.22005955015960943,
      "median_abs_epsilon_precision_YEAST": 0.2520810689473665,
      "mean_log2_empirical_ECOLI": -1.9256579757365755,
      "mean_log2_empirical_HUMAN": -0.10424716647875437,
      "mean_log2_empirical_YEAST": 0.9628584970140838,
      "mean_abs_epsilon_precision_global": 0.40961023459712664,
      "mean_abs_epsilon_precision_eq_species": 0.4649879581477705,
      "mean_abs_epsilon_precision_ECOLI": 0.5793328258433075,
      "mean_abs_epsilon_precision_HUMAN": 0.39246547316356806,
      "mean_abs_epsilon_precision_YEAST": 0.42316557543643596,
      "CV_median": 0.18102311494728096,
      "CV_q75": 0.3428499940113324,
      "CV_q90": 0.5656719431442268,
      "CV_q95": 0.721765656731269,
      "roc_auc": 0.873350613817806,
      "roc_auc_directional": 0.9329512194700401,
      "nr_prec": 116209,
      "nr_prec_HUMAN": 84223,
      "nr_prec_YEAST": 25516,
      "nr_prec_ECOLI": 6470,
      "variance_epsilon_global": 0.43837340191402796
    },
    "3": {
      "median_abs_epsilon_global": 0.23848758315407714,
      "median_abs_epsilon_eq_species": 0.28004598123559293,
      "median_abs_epsilon_ECOLI": 0.3545785756182731,
      "median_abs_epsilon_HUMAN": 0.2261537622234755,
      "median_abs_epsilon_YEAST": 0.25940560586503025,
      "mean_abs_epsilon_global": 0.41822672347100054,
      "mean_abs_epsilon_eq_species": 0.4728419622161373,
      "mean_abs_epsilon_ECOLI": 0.5857612020244112,
      "mean_abs_epsilon_HUMAN": 0.40126917988145183,
      "mean_abs_epsilon_YEAST": 0.4314955047425488,
      "median_log2_empirical_ECOLI": -1.9603337834897934,
      "median_log2_empirical_HUMAN": -0.06688657498759198,
      "median_log2_empirical_YEAST": 0.9488331060594826,
      "median_abs_epsilon_precision_global": 0.2341562902651262,
      "median_abs_epsilon_precision_eq_species": 0.27658138653625297,
      "median_abs_epsilon_precision_ECOLI": 0.35408507242137865,
      "median_abs_epsilon_precision_HUMAN": 0.22145918311092494,
      "median_abs_epsilon_precision_YEAST": 0.2541999040764553,
      "mean_log2_empirical_ECOLI": -1.9178017146101898,
      "mean_log2_empirical_HUMAN": -0.10570939229769756,
      "mean_log2_empirical_YEAST": 0.9611868480874387,
      "mean_abs_epsilon_precision_global": 0.41432668821964685,
      "mean_abs_epsilon_precision_eq_species": 0.4704184281562383,
      "mean_abs_epsilon_precision_ECOLI": 0.5860077597344968,
      "mean_abs_epsilon_precision_HUMAN": 0.39678619419214595,