{
  "old_new": "new",
  "id": "DIA-NN_20260217_114753",
  "software_name": "DIA-NN",
  "software_version": "2.3.2 Academia ",
  "search_engine": "DIA-NN",
  "search_engine_version": "2.3.2 Academia ",
  "ident_fdr_psm": "0.01",
  "ident_fdr_peptide": NaN,
  "ident_fdr_protein": NaN,
  "enable_match_between_runs": true,
  "precursor_mass_tolerance": "[-3.1 ppm, 3.1 ppm]",
  "fragment_mass_tolerance": "[-8 ppm, 8 ppm]",
  "enzyme": "Trypsin/P",
  "allowed_miscleavages": "1",
  "min_peptide_length": "6",
  "max_peptide_length": "30",
  "is_temporary": false,
  "intermediate_hash": "d4b75fc984583d9e25d131e5c988521e88ed161a",
  "results": {
    "6": {
      "median_abs_epsilon_global": 0.1688861846923828,
      "median_abs_epsilon_eq_species": 0.1861241658528646,
      "median_abs_epsilon_ECOLI": 0.2175884246826172,
      "median_abs_epsilon_HUMAN": 0.1653003692626953,
      "median_abs_epsilon_YEAST": 0.17548370361328125,
      "mean_abs_epsilon_global": 0.24812373847694577,
      "mean_abs_epsilon_eq_species": 0.26916703383508395,
      "mean_abs_epsilon_ECOLI": 0.3094109644904056,
      "mean_abs_epsilon_HUMAN": 0.24365076444923725,
      "mean_abs_epsilon_YEAST": 0.2544393725656089,
      "median_log2_empirical_ECOLI": -1.8552532196044922,
      "median_log2_empirical_HUMAN": 0.006515979766845703,
      "median_log2_empirical_YEAST": 0.9862632751464844,
      "median_abs_epsilon_precision_global": 0.16757869720458984,
      "median_abs_epsilon_precision_eq_species": 0.17768430709838867,
      "median_abs_epsilon_precision_ECOLI": 0.19242095947265625,
      "median_abs_epsilon_precision_HUMAN": 0.1643681526184082,
      "median_abs_epsilon_precision_YEAST": 0.17626380920410156,
      "mean_log2_empirical_ECOLI": -1.8139711202356568,
      "mean_log2_empirical_HUMAN": -0.02738116159843789,
      "mean_log2_empirical_YEAST": 0.9530633956478788,
      "mean_abs_epsilon_precision_global": 0.24895062004887544,
      "mean_abs_epsilon_precision_eq_species": 0.2608962757067948,
      "mean_abs_epsilon_precision_ECOLI": 0.28109374401911175,
      "mean_abs_epsilon_precision_HUMAN": 0.24564299004748466,
      "mean_abs_epsilon_precision_YEAST": 0.2559520930537881,
      "CV_median": 0.1306475547023938,
      "CV_q75": 0.22554769837676178,
      "CV_q90": 0.34090596792492045,
      "CV_q95": 0.42577848818537506,
      "roc_auc": 0.9546155290286126,
      "roc_auc_directional": 0.9800073949184536,
      "nr_prec": 85486,
      "nr_prec_HUMAN": 65416,
      "nr_prec_YEAST": 17053,
      "nr_prec_ECOLI": 3017,
      "variance_epsilon_global": 0.13845631338385206
    },
    "5": {
      "median_abs_epsilon_global": 0.18666458129882812,
      "median_abs_epsilon_eq_species": 0.21524953842163086,
      "median_abs_epsilon_ECOLI": 0.26479625701904297,
      "median_abs_epsilon_HUMAN": 0.17930316925048828,
      "median_abs_epsilon_YEAST": 0.20164918899536133,
      "mean_abs_epsilon_global": 0.2822182489809165,
      "mean_abs_epsilon_eq_species": 0.3220562819210738,
      "mean_abs_epsilon_ECOLI": 0.39509942411969945,
      "mean_abs_epsilon_HUMAN": 0.2710997132828591,
      "mean_abs_epsilon_YEAST": 0.29996970836066283,
      "median_log2_empirical_ECOLI": -1.7995080947875977,
      "median_log2_empirical_HUMAN": 0.006070137023925781,
      "median_log2_empirical_YEAST": 0.9665985107421875,
      "median_abs_epsilon_precision_global": 0.1856393814086914,
      "median_abs_epsilon_precision_eq_species": 0.2049427032470703,
      "median_abs_epsilon_precision_ECOLI": 0.2328481674194336,
      "median_abs_epsilon_precision_HUMAN": 0.1788644790649414,
      "median_abs_epsilon_precision_YEAST": 0.20311546325683594,
      "mean_log2_empirical_ECOLI": -1.7196579534602177,
      "mean_log2_empirical_HUMAN": -0.028360420876209876,
      "mean_log2_empirical_YEAST": 0.9192385915549931,
      "mean_abs_epsilon_precision_global": 0.2822886728502905,
      "mean_abs_epsilon_precision_eq_species": 0.3092188824269957,
      "mean_abs_epsilon_precision_ECOLI": 0.3530855744574176,
      "mean_abs_epsilon_precision_HUMAN": 0.2730004529069001,
      "mean_abs_epsilon_precision_YEAST": 0.3015706199166693,
      "CV_median": 0.1416516580652601,
      "CV_q75": 0.24792421264937095,
      "CV_q90": 0.37957516847325967,
      "CV_q95": 0.4779221742923035,
      "roc_auc": 0.9303288959443892,
      "roc_auc_directional": 0.9666273656883926,
      "nr_prec": 102065,
      "nr_prec_HUMAN": 76287,
      "nr_prec_YEAST": 21672,
      "nr_prec_ECOLI": 4106,
      "variance_epsilon_global": 0.18560778880262965
    },
    "4": {
      "median_abs_epsilon_global": 0.2032613754272461,
      "median_abs_epsilon_eq_species": 0.251131534576416,
      "median_abs_epsilon_ECOLI": 0.3359503746032715,
      "median_abs_epsilon_HUMAN": 0.19121265411376953,
      "median_abs_epsilon_YEAST": 0.22623157501220703,
      "mean_abs_epsilon_global": 0.3202613464047191,
      "mean_abs_epsilon_eq_species": 0.3881934736718295,
      "mean_abs_epsilon_ECOLI": 0.5174842367510823,
      "mean_abs_epsilon_HUMAN": 0.29910026169042747,
      "mean_abs_epsilon_YEAST": 0.34799592257397854,
      "median_log2_empirical_ECOLI": -1.7314567565917969,
      "median_log2_empirical_HUMAN": 0.005565643310546875,
      "median_log2_empirical_YEAST": 0.9506034851074219,
      "median_abs_epsilon_precision_global": 0.20282268524169922,
      "median_abs_epsilon_precision_eq_species": 0.23985417683919272,
      "median_abs_epsilon_precision_ECOLI": 0.2999238967895508,
      "median_abs_epsilon_precision_HUMAN": 0.1907367706298828,
      "median_abs_epsilon_precision_YEAST": 0.22890186309814453,
      "mean_log2_empirical_ECOLI": -1.5990826466379786,
      "mean_log2_empirical_HUMAN": -0.028925119311445587,
      "mean_log2_empirical_YEAST": 0.8933781562697656,
      "mean_abs_epsilon_precision_global": 0.3189845586652684,
      "mean_abs_epsilon_precision_eq_species": 0.36939237689902477,
      "mean_abs_epsilon_precision_ECOLI": 0.45839032205537455,
      "mean_abs_epsilon_precision_HUMAN": 0.300924621649711,
      "mean_abs_epsilon_precision_YEAST": 0.34886218699198873,
      "CV_median": 0.14730566609250736,
      "CV_q75": 0.258803690180362,
      "CV_q90": 0.3988694329826175,
      "CV_q95": 0.5069506135505837,
      "roc_auc": 0.9056666694499033,
      "roc_auc_directional": 0.9458584262099576,
      "nr_prec": 114016,
      "nr_prec_HUMAN": 83418,
      "nr_prec_YEAST": 25190,
      "nr_prec_ECOLI": 5408,
      "variance_epsilon_global": 0.2548163485268352
    },
    "3": {
      "median_abs_epsilon_global": 0.21220970153808594,
      "median_abs_epsilon_eq_species": 0.26257960001627606,
      "median_abs_epsilon_ECOLI": 0.3485908508300781,
      "median_abs_epsilon_HUMAN": 0.1989288330078125,
      "median_abs_epsilon_YEAST": 0.2402191162109375,
      "mean_abs_epsilon_global": 0.34503634912283954,
      "mean_abs_epsilon_eq_species": 0.4154773772894073,
      "mean_abs_epsilon_ECOLI": 0.5441002756532469,
      "mean_abs_epsilon_HUMAN": 0.32123597147003535,
      "mean_abs_epsilon_YEAST": 0.38109588474493966,
      "median_log2_empirical_ECOLI": -1.7162361145019531,
      "median_log2_empirical_HUMAN": 0.0056552886962890625,
      "median_log2_empirical_YEAST": 0.9426851272583008,
      "median_abs_epsilon_precision_global": 0.21225929260253906,
      "median_abs_epsilon_precision_eq_species": 0.25240421295166016,
      "median_abs_epsilon_precision_ECOLI": 0.3153057098388672,
      "median_abs_epsilon_precision_HUMAN": 0.1985187530517578,
      "median_abs_epsilon_precision_YEAST": 0.24338817596435547,
      "mean_log2_empirical_ECOLI": -1.576474395416102,
      "mean_log2_empirical_HUMAN": -0.02803357407635538,
      "mean_log2_empirical_YEAST": 0.879182118166582,
      "mean_abs_epsilon_precision_global": 0.34344893137765775,
      "mean_abs_epsilon_precision_eq_species": 0.395385343346435,
      "mean_abs_epsilon_precision_ECOLI": 0.48172469485836006,
      "mean_abs_epsilon_precision_HUMAN": 0.3229184909504409,